"Qty";"Value";"Device";"Package";"Parts";"Description";"AVAILABILITY";"DESCRIPTION";"MF";"MP";"PACKAGE";"PRICE";
"3";"";"LED0603";"LED-0603";"BLUE, GRN, RED";"LEDs";"";"";"";"";"";"";
"2";"0.1u";"C-USC0402";"C0402";"C2, C3";"CAPACITOR, American symbol";"";"";"";"";"";"";
"2";"10K";"R-US_R0402";"R0402";"R2, R3";"RESISTOR, American symbol";"";"";"";"";"";"";
"1";"220 Ohm";"R-US_R0402";"R0402";"R1";"RESISTOR, American symbol";"";"";"";"";"";"";
"1";"47uF";"CAP1206";"1206";"C1";"Capacitor";"";"";"";"";"";"";
"1";"503148-0890";"503148-0890";"MOLEX_503148-0890";"P1";"1.5wb Dual r/a Embs Tape Pkg 8p";"Good";"1.5wb Dual r/a Embs Tape Pkg 8p";"Molex";"503148-0890";"None";"1.11 USD";
"1";"BNO055";"BNO055";"BNO055";"U1";"BNO055 - Motion Co-Processor";"";"";"";"";"";"";
