1,RED,LED0603,LED-0603,RED,LEDs,,,,OSRAM LS  L29K-G1J2-1-Z,,
1,GRN,LED0603,LED-0603,GRN,LEDs,,,,OSRAM LG L29K-F2J1-24-Z,,
1,BLUE,LED0603,LED-0603,BLUE,LEDs,,,,OSRAM LB Q39E-N100-35-1,,
2,0.1u,C-USC0402,C0402,"C2, C3","CAPACITOR, American symbol",,,,muRata GRM188R71E104KA01D,,
1,220 Ohm,R-US_R0402,R0402,R1,"RESISTOR, American symbol",,,,Yageo RC060JR-07220RL,,
1,47uF,CAP1206,1206,C1,Capacitor,,,,TDKC3216XR51C476M160AB,,
2,4K7,R-US_R0402,R0402,"R2, R3","RESISTOR, American symbol",,,,Yageo RC0603FR-074K7L,,
1,503148-0890,503148-0890,MOLEX_503148-0890,P1,1.5wb Dual r/a Embs Tape Pkg 8p,Good,1.5wb Dual r/a Embs Tape Pkg 8p,Molex,503148-0890,None,1.11 USD
1,BNO055,BNO055,BNO055,U1,BNO055 - Motion Co-Processor,,,,,,
